family,tag,tag_url,row_text,size_gb,modality,is_cloud_tag,updated_relative,family_card_text,family_url,params_total_b_raw,quantisation,updated_date_approx,is_moe,params_active_b,params_total_b,exclusion_reasons,manual_rationale,eligible
llama3.1,llama3.1:70b,https://ollama.com/library/llama3.1%3A70b,llama3.1:70b 43GB · 128K context window · Text · 1 year ago,43.0,Text,False,1 year ago,"llama3.1 Llama 3.1 is a new state-of-the-art model from Meta available in 8B, 70B and 405B parameter sizes. tools 8b 70b 405b 113.9M Pulls 93 Tags Updated 1 year ago",https://ollama.com/library/llama3.1,70.0,,2025-05-02,False,,70.0,,,True
llama3.1,llama3.1:8b,https://ollama.com/library/llama3.1%3A8b,llama3.1:8b latest 4.9GB · 128K context window · Text · 1 year ago,4.9,Text,False,1 year ago,"llama3.1 Llama 3.1 is a new state-of-the-art model from Meta available in 8B, 70B and 405B parameter sizes. tools 8b 70b 405b 113.9M Pulls 93 Tags Updated 1 year ago",https://ollama.com/library/llama3.1,8.0,,2025-05-02,False,,8.0,,,True
deepseek-r1,deepseek-r1:14b,https://ollama.com/library/deepseek-r1%3A14b,deepseek-r1:14b 9.0GB · 128K context window · Text · 11 months ago,9.0,Text,False,11 months ago,"deepseek-r1 DeepSeek-R1 is a family of open reasoning models with performance approaching that of leading models, such as O3 and Gemini 2.5 Pro. tools thinking 1.5b 7b 8b 14b 32b 70b 671b 84.3M Pulls 35 Tags Updated 10 months ago",https://ollama.com/library/deepseek-r1,14.0,,2025-06-06,False,,14.0,,,True
deepseek-r1,deepseek-r1:32b,https://ollama.com/library/deepseek-r1%3A32b,deepseek-r1:32b 20GB · 128K context window · Text · 11 months ago,20.0,Text,False,11 months ago,"deepseek-r1 DeepSeek-R1 is a family of open reasoning models with performance approaching that of leading models, such as O3 and Gemini 2.5 Pro. tools thinking 1.5b 7b 8b 14b 32b 70b 671b 84.3M Pulls 35 Tags Updated 10 months ago",https://ollama.com/library/deepseek-r1,32.0,,2025-06-06,False,,32.0,,,True
deepseek-r1,deepseek-r1:70b,https://ollama.com/library/deepseek-r1%3A70b,deepseek-r1:70b 43GB · 128K context window · Text · 11 months ago,43.0,Text,False,11 months ago,"deepseek-r1 DeepSeek-R1 is a family of open reasoning models with performance approaching that of leading models, such as O3 and Gemini 2.5 Pro. tools thinking 1.5b 7b 8b 14b 32b 70b 671b 84.3M Pulls 35 Tags Updated 10 months ago",https://ollama.com/library/deepseek-r1,70.0,,2025-06-06,False,,70.0,,,True
deepseek-r1,deepseek-r1:7b,https://ollama.com/library/deepseek-r1%3A7b,deepseek-r1:7b 4.7GB · 128K context window · Text · 11 months ago,4.7,Text,False,11 months ago,"deepseek-r1 DeepSeek-R1 is a family of open reasoning models with performance approaching that of leading models, such as O3 and Gemini 2.5 Pro. tools thinking 1.5b 7b 8b 14b 32b 70b 671b 84.3M Pulls 35 Tags Updated 10 months ago",https://ollama.com/library/deepseek-r1,7.0,,2025-06-06,False,,7.0,,,True
deepseek-r1,deepseek-r1:8b,https://ollama.com/library/deepseek-r1%3A8b,deepseek-r1:8b latest 5.2GB · 128K context window · Text · 11 months ago,5.2,Text,False,11 months ago,"deepseek-r1 DeepSeek-R1 is a family of open reasoning models with performance approaching that of leading models, such as O3 and Gemini 2.5 Pro. tools thinking 1.5b 7b 8b 14b 32b 70b 671b 84.3M Pulls 35 Tags Updated 10 months ago",https://ollama.com/library/deepseek-r1,8.0,,2025-06-06,False,,8.0,,,True
gemma3,gemma3:12b,https://ollama.com/library/gemma3%3A12b,"gemma3:12b 8.1GB · 128K context window · Text, Image · 1 year ago",8.1,,False,1 year ago,"gemma3 The current, most capable model that runs on a single GPU. vision cloud 270m 1b 4b 12b 27b 36.3M Pulls 29 Tags Updated 4 months ago",https://ollama.com/library/gemma3,12.0,,2025-05-02,False,,12.0,,,True
gemma3,gemma3:27b,https://ollama.com/library/gemma3%3A27b,"gemma3:27b 17GB · 128K context window · Text, Image · 1 year ago",17.0,,False,1 year ago,"gemma3 The current, most capable model that runs on a single GPU. vision cloud 270m 1b 4b 12b 27b 36.3M Pulls 29 Tags Updated 4 months ago",https://ollama.com/library/gemma3,27.0,,2025-05-02,False,,27.0,,,True
qwen2.5,qwen2.5:14b,https://ollama.com/library/qwen2.5%3A14b,qwen2.5:14b 9.0GB · 32K context window · Text · 1 year ago,9.0,Text,False,1 year ago,"qwen2.5 Qwen2.5 models are pretrained on Alibaba's latest large-scale dataset, encompassing up to 18 trillion tokens. The model supports up to 128K tokens and has multilingual support. tools 0.5b 1.5b 3b 7b 14b 32b 72b 29M Pulls 133 Tags Updated 1 year ago",https://ollama.com/library/qwen2.5,14.0,,2025-05-02,False,,14.0,,,True
qwen2.5,qwen2.5:32b,https://ollama.com/library/qwen2.5%3A32b,qwen2.5:32b 20GB · 32K context window · Text · 1 year ago,20.0,Text,False,1 year ago,"qwen2.5 Qwen2.5 models are pretrained on Alibaba's latest large-scale dataset, encompassing up to 18 trillion tokens. The model supports up to 128K tokens and has multilingual support. tools 0.5b 1.5b 3b 7b 14b 32b 72b 29M Pulls 133 Tags Updated 1 year ago",https://ollama.com/library/qwen2.5,32.0,,2025-05-02,False,,32.0,,,True
qwen2.5,qwen2.5:72b,https://ollama.com/library/qwen2.5%3A72b,qwen2.5:72b 47GB · 32K context window · Text · 1 year ago,47.0,Text,False,1 year ago,"qwen2.5 Qwen2.5 models are pretrained on Alibaba's latest large-scale dataset, encompassing up to 18 trillion tokens. The model supports up to 128K tokens and has multilingual support. tools 0.5b 1.5b 3b 7b 14b 32b 72b 29M Pulls 133 Tags Updated 1 year ago",https://ollama.com/library/qwen2.5,72.0,,2025-05-02,False,,72.0,,,True
qwen2.5,qwen2.5:7b,https://ollama.com/library/qwen2.5%3A7b,qwen2.5:7b latest 4.7GB · 32K context window · Text · 1 year ago,4.7,Text,False,1 year ago,"qwen2.5 Qwen2.5 models are pretrained on Alibaba's latest large-scale dataset, encompassing up to 18 trillion tokens. The model supports up to 128K tokens and has multilingual support. tools 0.5b 1.5b 3b 7b 14b 32b 72b 29M Pulls 133 Tags Updated 1 year ago",https://ollama.com/library/qwen2.5,7.0,,2025-05-02,False,,7.0,,,True
mistral,mistral:7b,https://ollama.com/library/mistral%3A7b,mistral:7b latest 4.4GB · 32K context window · Text · 9 months ago,4.4,Text,False,9 months ago,"mistral The 7B model released by Mistral AI, updated to version 0.3. tools 7b 28.9M Pulls 84 Tags Updated 9 months ago",https://ollama.com/library/mistral,7.0,,2025-08-05,False,,7.0,,,True
qwen3,qwen3:14b,https://ollama.com/library/qwen3%3A14b,qwen3:14b 9.3GB · 40K context window · Text · 11 months ago,9.3,Text,False,11 months ago,"qwen3 Qwen3 is the latest generation of large language models in Qwen series, offering a comprehensive suite of dense and mixture-of-experts (MoE) models. tools thinking 0.6b 1.7b 4b 8b 14b 30b 32b 235b 28.2M Pulls 58 Tags Updated 6 months ago",https://ollama.com/library/qwen3,14.0,,2025-06-06,False,,14.0,,,True
qwen3,qwen3:30b,https://ollama.com/library/qwen3%3A30b,qwen3:30b 19GB · 256K context window · Text · 6 months ago,19.0,Text,False,6 months ago,"qwen3 Qwen3 is the latest generation of large language models in Qwen series, offering a comprehensive suite of dense and mixture-of-experts (MoE) models. tools thinking 0.6b 1.7b 4b 8b 14b 30b 32b 235b 28.2M Pulls 58 Tags Updated 6 months ago",https://ollama.com/library/qwen3,30.0,,2025-11-03,False,,30.0,,,True
qwen3,qwen3:32b,https://ollama.com/library/qwen3%3A32b,qwen3:32b 20GB · 40K context window · Text · 11 months ago,20.0,Text,False,11 months ago,"qwen3 Qwen3 is the latest generation of large language models in Qwen series, offering a comprehensive suite of dense and mixture-of-experts (MoE) models. tools thinking 0.6b 1.7b 4b 8b 14b 30b 32b 235b 28.2M Pulls 58 Tags Updated 6 months ago",https://ollama.com/library/qwen3,32.0,,2025-06-06,False,,32.0,,,True
qwen3,qwen3:8b,https://ollama.com/library/qwen3%3A8b,qwen3:8b latest 5.2GB · 40K context window · Text · 11 months ago,5.2,Text,False,11 months ago,"qwen3 Qwen3 is the latest generation of large language models in Qwen series, offering a comprehensive suite of dense and mixture-of-experts (MoE) models. tools thinking 0.6b 1.7b 4b 8b 14b 30b 32b 235b 28.2M Pulls 58 Tags Updated 6 months ago",https://ollama.com/library/qwen3,8.0,,2025-06-06,False,,8.0,,,True
llama3,llama3:70b,https://ollama.com/library/llama3%3A70b,llama3:70b 40GB · 8K context window · Text · 1 year ago,40.0,Text,False,1 year ago,llama3 Meta Llama 3: The most capable openly available LLM to date 8b 70b 23.6M Pulls 68 Tags Updated 1 year ago,https://ollama.com/library/llama3,70.0,Q4_0,2025-05-02,False,,70.0,,,True
llama3,llama3:8b,https://ollama.com/library/llama3%3A8b,llama3:8b latest 4.7GB · 8K context window · Text · 1 year ago,4.7,Text,False,1 year ago,llama3 Meta Llama 3: The most capable openly available LLM to date 8b 70b 23.6M Pulls 68 Tags Updated 1 year ago,https://ollama.com/library/llama3,8.0,Q4_0,2025-05-02,False,,8.0,,,True
gemma2,gemma2:27b,https://ollama.com/library/gemma2%3A27b,gemma2:27b 16GB · 8K context window · Text · 1 year ago,16.0,Text,False,1 year ago,"gemma2 Google Gemma 2 is a high-performing and efficient model available in three sizes: 2B, 9B, and 27B. 2b 9b 27b 22.1M Pulls 94 Tags Updated 1 year ago",https://ollama.com/library/gemma2,27.0,Q4_0,2025-05-02,False,,27.0,,,True
gemma2,gemma2:9b,https://ollama.com/library/gemma2%3A9b,gemma2:9b latest 5.4GB · 8K context window · Text · 1 year ago,5.4,Text,False,1 year ago,"gemma2 Google Gemma 2 is a high-performing and efficient model available in three sizes: 2B, 9B, and 27B. 2b 9b 27b 22.1M Pulls 94 Tags Updated 1 year ago",https://ollama.com/library/gemma2,9.0,Q4_0,2025-05-02,False,,9.0,,,True
phi3,phi3:14b,https://ollama.com/library/phi3%3A14b,phi3:14b 7.9GB · 128K context window · Text · 1 year ago,7.9,Text,False,1 year ago,phi3 Phi-3 is a family of lightweight 3B (Mini) and 14B (Medium) state-of-the-art open models by Microsoft. 3.8b 14b 17.4M Pulls 72 Tags Updated 1 year ago,https://ollama.com/library/phi3,14.0,Q4_0,2025-05-02,False,,14.0,,,True
gpt-oss,gpt-oss:120b,https://ollama.com/library/gpt-oss%3A120b,gpt-oss:120b 65GB · 128K context window · Text · 6 months ago,65.0,Text,False,6 months ago,"gpt-oss OpenAI’s open-weight models designed for powerful reasoning, agentic tasks, and versatile developer use cases. tools thinking cloud 20b 120b 9.3M Pulls 5 Tags Updated 6 months ago",https://ollama.com/library/gpt-oss,120.0,,2025-11-03,False,,120.0,,,True
gpt-oss,gpt-oss:20b,https://ollama.com/library/gpt-oss%3A20b,gpt-oss:20b latest 14GB · 128K context window · Text · 6 months ago,14.0,Text,False,6 months ago,"gpt-oss OpenAI’s open-weight models designed for powerful reasoning, agentic tasks, and versatile developer use cases. tools thinking cloud 20b 120b 9.3M Pulls 5 Tags Updated 6 months ago",https://ollama.com/library/gpt-oss,20.0,,2025-11-03,False,,20.0,,,True
qwen3.5,qwen3.5:27b,https://ollama.com/library/qwen3.5%3A27b,"qwen3.5:27b 17GB · 256K context window · Text, Image · 2 months ago",17.0,,False,2 months ago,qwen3.5 Qwen 3.5 is a family of open-source multimodal models that delivers exceptional utility and performance. vision tools thinking cloud 0.8b 2b 4b 9b 27b 35b 122b 7.9M Pulls 58 Tags Updated 1 month ago,https://ollama.com/library/qwen3.5,27.0,,2026-03-03,False,,27.0,,,True
qwen3.5,qwen3.5:35b,https://ollama.com/library/qwen3.5%3A35b,"qwen3.5:35b 24GB · 256K context window · Text, Image · 2 months ago",24.0,,False,2 months ago,qwen3.5 Qwen 3.5 is a family of open-source multimodal models that delivers exceptional utility and performance. vision tools thinking cloud 0.8b 2b 4b 9b 27b 35b 122b 7.9M Pulls 58 Tags Updated 1 month ago,https://ollama.com/library/qwen3.5,35.0,,2026-03-03,False,,35.0,,,True
qwen3.5,qwen3.5:9b,https://ollama.com/library/qwen3.5%3A9b,"qwen3.5:9b latest 6.6GB · 256K context window · Text, Image · 2 months ago",6.6,,False,2 months ago,qwen3.5 Qwen 3.5 is a family of open-source multimodal models that delivers exceptional utility and performance. vision tools thinking cloud 0.8b 2b 4b 9b 27b 35b 122b 7.9M Pulls 58 Tags Updated 1 month ago,https://ollama.com/library/qwen3.5,9.0,,2026-03-03,False,,9.0,,,True
phi4,phi4:14b,https://ollama.com/library/phi4%3A14b,phi4:14b latest 9.1GB · 16K context window · Text · 1 year ago,9.1,Text,False,1 year ago,"phi4 Phi-4 is a 14B parameter, state-of-the-art open model from Microsoft. 14b 7.5M Pulls 5 Tags Updated 1 year ago",https://ollama.com/library/phi4,14.0,,2025-05-02,False,,14.0,,,True
gemma,gemma:7b,https://ollama.com/library/gemma%3A7b,gemma:7b latest 5.0GB · 8K context window · Text · 2 years ago,5.0,Text,False,2 years ago,"gemma Gemma is a family of lightweight, state-of-the-art open models built by Google DeepMind. Updated to version 1.1 2b 7b 6.9M Pulls 102 Tags Updated 2 years ago",https://ollama.com/library/gemma,7.0,Q4_0,2024-05-02,False,,7.0,,,True
llama2,llama2:13b,https://ollama.com/library/llama2%3A13b,llama2:13b 7.4GB · 4K context window · Text · 2 years ago,7.4,Text,False,2 years ago,llama2 Llama 2 is a collection of foundation language models ranging from 7B to 70B parameters. 7b 13b 70b 6.8M Pulls 102 Tags Updated 2 years ago,https://ollama.com/library/llama2,13.0,Q4_0,2024-05-02,False,,13.0,,,True
llama2,llama2:70b,https://ollama.com/library/llama2%3A70b,llama2:70b 39GB · 4K context window · Text · 2 years ago,39.0,Text,False,2 years ago,llama2 Llama 2 is a collection of foundation language models ranging from 7B to 70B parameters. 7b 13b 70b 6.8M Pulls 102 Tags Updated 2 years ago,https://ollama.com/library/llama2,70.0,Q4_0,2024-05-02,False,,70.0,,,True
llama2,llama2:7b,https://ollama.com/library/llama2%3A7b,llama2:7b latest 3.8GB · 4K context window · Text · 2 years ago,3.8,Text,False,2 years ago,llama2 Llama 2 is a collection of foundation language models ranging from 7B to 70B parameters. 7b 13b 70b 6.8M Pulls 102 Tags Updated 2 years ago,https://ollama.com/library/llama2,7.0,Q4_0,2024-05-02,False,,7.0,,,True
qwen,qwen:110b,https://ollama.com/library/qwen%3A110b,qwen:110b 63GB · 32K context window · Text · 2 years ago,63.0,Text,False,2 years ago,qwen Qwen 1.5 is a series of large language models by Alibaba Cloud spanning from 0.5B to 110B parameters 0.5b 1.8b 4b 7b 14b 32b 72b 110b 6.6M Pulls 379 Tags Updated 2 years ago,https://ollama.com/library/qwen,110.0,Q4_0,2024-05-02,False,,110.0,,,True
qwen,qwen:14b,https://ollama.com/library/qwen%3A14b,qwen:14b 8.2GB · 32K context window · Text · 2 years ago,8.2,Text,False,2 years ago,qwen Qwen 1.5 is a series of large language models by Alibaba Cloud spanning from 0.5B to 110B parameters 0.5b 1.8b 4b 7b 14b 32b 72b 110b 6.6M Pulls 379 Tags Updated 2 years ago,https://ollama.com/library/qwen,14.0,Q4_0,2024-05-02,False,,14.0,,,True
qwen,qwen:32b,https://ollama.com/library/qwen%3A32b,qwen:32b 18GB · 32K context window · Text · 2 years ago,18.0,Text,False,2 years ago,qwen Qwen 1.5 is a series of large language models by Alibaba Cloud spanning from 0.5B to 110B parameters 0.5b 1.8b 4b 7b 14b 32b 72b 110b 6.6M Pulls 379 Tags Updated 2 years ago,https://ollama.com/library/qwen,32.0,Q4_0,2024-05-02,False,,32.0,,,True
qwen,qwen:72b,https://ollama.com/library/qwen%3A72b,qwen:72b 41GB · 32K context window · Text · 2 years ago,41.0,Text,False,2 years ago,qwen Qwen 1.5 is a series of large language models by Alibaba Cloud spanning from 0.5B to 110B parameters 0.5b 1.8b 4b 7b 14b 32b 72b 110b 6.6M Pulls 379 Tags Updated 2 years ago,https://ollama.com/library/qwen,72.0,Q4_0,2024-05-02,False,,72.0,,,True
qwen,qwen:7b,https://ollama.com/library/qwen%3A7b,qwen:7b 4.5GB · 32K context window · Text · 2 years ago,4.5,Text,False,2 years ago,qwen Qwen 1.5 is a series of large language models by Alibaba Cloud spanning from 0.5B to 110B parameters 0.5b 1.8b 4b 7b 14b 32b 72b 110b 6.6M Pulls 379 Tags Updated 2 years ago,https://ollama.com/library/qwen,7.0,Q4_0,2024-05-02,False,,7.0,,,True
gemma4,gemma4:26b,https://ollama.com/library/gemma4%3A26b,"gemma4:26b 18GB · 256K context window · Text, Image · 1 month ago",18.0,,False,1 month ago,"gemma4 Gemma 4 models are designed to deliver frontier-level performance at each size. They are well-suited for reasoning, agentic workflows, coding, and multimodal understanding. vision tools thinking audio cloud e2b e4b 26b 31b 6.5M Pulls 29 Tags Updated 2 weeks ago",https://ollama.com/library/gemma4,26.0,,2026-04-02,False,,26.0,,,True
gemma4,gemma4:31b,https://ollama.com/library/gemma4%3A31b,"gemma4:31b 20GB · 256K context window · Text, Image · 1 month ago",20.0,,False,1 month ago,"gemma4 Gemma 4 models are designed to deliver frontier-level performance at each size. They are well-suited for reasoning, agentic workflows, coding, and multimodal understanding. vision tools thinking audio cloud e2b e4b 26b 31b 6.5M Pulls 29 Tags Updated 2 weeks ago",https://ollama.com/library/gemma4,31.0,,2026-04-02,False,,31.0,,,True
qwen2,qwen2:72b,https://ollama.com/library/qwen2%3A72b,qwen2:72b 41GB · 32K context window · Text · 1 year ago,41.0,Text,False,1 year ago,qwen2 Qwen2 is a new series of large language models from Alibaba group tools 0.5b 1.5b 7b 72b 5.8M Pulls 97 Tags Updated 1 year ago,https://ollama.com/library/qwen2,72.0,Q4_0,2025-05-02,False,,72.0,,,True
qwen2,qwen2:7b,https://ollama.com/library/qwen2%3A7b,qwen2:7b latest 4.4GB · 32K context window · Text · 1 year ago,4.4,Text,False,1 year ago,qwen2 Qwen2 is a new series of large language models from Alibaba group tools 0.5b 1.5b 7b 72b 5.8M Pulls 97 Tags Updated 1 year ago,https://ollama.com/library/qwen2,7.0,Q4_0,2025-05-02,False,,7.0,,,True
mistral-nemo,mistral-nemo:12b,https://ollama.com/library/mistral-nemo%3A12b,mistral-nemo:12b latest 7.1GB · 1000K context window · Text · 9 months ago,7.1,Text,False,9 months ago,"mistral-nemo A state-of-the-art 12B model with 128k context length, built by Mistral AI in collaboration with NVIDIA. tools 12b 4.3M Pulls 17 Tags Updated 9 months ago",https://ollama.com/library/mistral-nemo,12.0,Q4_0,2025-08-05,False,,12.0,,,True
llama3.3,llama3.3:70b,https://ollama.com/library/llama3.3%3A70b,llama3.3:70b latest 43GB · 128K context window · Text · 1 year ago,43.0,Text,False,1 year ago,llama3.3 New state of the art 70B model. Llama 3.3 70B offers similar performance compared to the Llama 3.1 405B model. tools 70b 3.8M Pulls 14 Tags Updated 1 year ago,https://ollama.com/library/llama3.3,70.0,,2025-05-02,False,,70.0,,,True
olmo2,olmo2:13b,https://ollama.com/library/olmo2%3A13b,olmo2:13b 8.4GB · 4K context window · Text · 1 year ago,8.4,Text,False,1 year ago,"olmo2 OLMo 2 is a new family of 7B and 13B models trained on up to 5T tokens. These models are on par with or better than equivalently sized fully open models, and competitive with open-weight models such as Llama 3.1 on English academic benchmarks. 7b 13b 3.7M Pulls 9 Tags Updated 1 year ago",https://ollama.com/library/olmo2,13.0,,2025-05-02,False,,13.0,,,True
olmo2,olmo2:7b,https://ollama.com/library/olmo2%3A7b,olmo2:7b latest 4.5GB · 4K context window · Text · 1 year ago,4.5,Text,False,1 year ago,"olmo2 OLMo 2 is a new family of 7B and 13B models trained on up to 5T tokens. These models are on par with or better than equivalently sized fully open models, and competitive with open-weight models such as Llama 3.1 on English academic benchmarks. 7b 13b 3.7M Pulls 9 Tags Updated 1 year ago",https://ollama.com/library/olmo2,7.0,,2025-05-02,False,,7.0,,,True
mistral-small,mistral-small:22b,https://ollama.com/library/mistral-small%3A22b,mistral-small:22b 13GB · 128K context window · Text · 1 year ago,13.0,Text,False,1 year ago,mistral-small Mistral Small 3 sets a new benchmark in the “small” Large Language Models category below 70B. tools 22b 24b 3M Pulls 21 Tags Updated 1 year ago,https://ollama.com/library/mistral-small,22.0,Q4_0,2025-05-02,False,,22.0,,,True
mistral-small,mistral-small:24b,https://ollama.com/library/mistral-small%3A24b,mistral-small:24b latest 14GB · 32K context window · Text · 1 year ago,14.0,Text,False,1 year ago,mistral-small Mistral Small 3 sets a new benchmark in the “small” Large Language Models category below 70B. tools 22b 24b 3M Pulls 21 Tags Updated 1 year ago,https://ollama.com/library/mistral-small,24.0,,2025-05-02,False,,24.0,,,True
granite3.1-moe,granite3.1-moe:1b,https://ollama.com/library/granite3.1-moe%3A1b,granite3.1-moe:1b 1.4GB · 128K context window · Text · 1 year ago,1.4,Text,False,1 year ago,granite3.1-moe The IBM Granite 1B and 3B models are long-context mixture of experts (MoE) Granite models from IBM designed for low latency usage. tools 1b 3b 2.9M Pulls 33 Tags Updated 1 year ago,https://ollama.com/library/granite3.1-moe,1.0,Q8_0,2025-05-02,True,,1.0,,,True
granite3.1-moe,granite3.1-moe:3b,https://ollama.com/library/granite3.1-moe%3A3b,granite3.1-moe:3b latest 2.0GB · 128K context window · Text · 1 year ago,2.0,Text,False,1 year ago,granite3.1-moe The IBM Granite 1B and 3B models are long-context mixture of experts (MoE) Granite models from IBM designed for low latency usage. tools 1b 3b 2.9M Pulls 33 Tags Updated 1 year ago,https://ollama.com/library/granite3.1-moe,3.0,,2025-05-02,True,,3.0,,,True
orca-mini,orca-mini:13b,https://ollama.com/library/orca-mini%3A13b,orca-mini:13b 7.4GB · 4K context window · Text · 2 years ago,7.4,Text,False,2 years ago,"orca-mini A general-purpose model ranging from 3 billion parameters to 70 billion, suitable for entry-level hardware. 3b 7b 13b 70b 2.8M Pulls 119 Tags Updated 2 years ago",https://ollama.com/library/orca-mini,13.0,Q4_0,2024-05-02,False,,13.0,,,True
orca-mini,orca-mini:70b,https://ollama.com/library/orca-mini%3A70b,orca-mini:70b 39GB · 4K context window · Text · 2 years ago,39.0,Text,False,2 years ago,"orca-mini A general-purpose model ranging from 3 billion parameters to 70 billion, suitable for entry-level hardware. 3b 7b 13b 70b 2.8M Pulls 119 Tags Updated 2 years ago",https://ollama.com/library/orca-mini,70.0,Q4_0,2024-05-02,False,,70.0,,,True
orca-mini,orca-mini:7b,https://ollama.com/library/orca-mini%3A7b,orca-mini:7b 3.8GB · 4K context window · Text · 2 years ago,3.8,Text,False,2 years ago,"orca-mini A general-purpose model ranging from 3 billion parameters to 70 billion, suitable for entry-level hardware. 3b 7b 13b 70b 2.8M Pulls 119 Tags Updated 2 years ago",https://ollama.com/library/orca-mini,7.0,Q4_0,2024-05-02,False,,7.0,,,True
mixtral,mixtral:8x22b,https://ollama.com/library/mixtral%3A8x22b,mixtral:8x22b 80GB · 64K context window · Text · 1 year ago,80.0,Text,False,1 year ago,mixtral A set of Mixture of Experts (MoE) model with open weights by Mistral AI in 8x7b and 8x22b parameter sizes. tools 8x7b 8x22b 2.6M Pulls 70 Tags Updated 1 year ago,https://ollama.com/library/mixtral,176.0,Q4_0,2025-05-02,True,,176.0,,,True
mixtral,mixtral:8x7b,https://ollama.com/library/mixtral%3A8x7b,mixtral:8x7b latest 26GB · 32K context window · Text · 1 year ago,26.0,Text,False,1 year ago,mixtral A set of Mixture of Experts (MoE) model with open weights by Mistral AI in 8x7b and 8x22b parameter sizes. tools 8x7b 8x22b 2.6M Pulls 70 Tags Updated 1 year ago,https://ollama.com/library/mixtral,56.0,Q4_0,2025-05-02,True,,56.0,,,True
falcon3,falcon3:10b,https://ollama.com/library/falcon3%3A10b,falcon3:10b 6.3GB · 32K context window · Text · 1 year ago,6.3,Text,False,1 year ago,"falcon3 A family of efficient AI models under 10B parameters performant in science, math, and coding through innovative training techniques. 1b 3b 7b 10b 2.5M Pulls 17 Tags Updated 1 year ago",https://ollama.com/library/falcon3,10.0,,2025-05-02,False,,10.0,,,True
falcon3,falcon3:7b,https://ollama.com/library/falcon3%3A7b,falcon3:7b latest 4.6GB · 32K context window · Text · 1 year ago,4.6,Text,False,1 year ago,"falcon3 A family of efficient AI models under 10B parameters performant in science, math, and coding through innovative training techniques. 1b 3b 7b 10b 2.5M Pulls 17 Tags Updated 1 year ago",https://ollama.com/library/falcon3,7.0,,2025-05-02,False,,7.0,,,True
qwq,qwq:32b,https://ollama.com/library/qwq%3A32b,qwq:32b latest 20GB · 40K context window · Text · 1 year ago,20.0,Text,False,1 year ago,qwq QwQ is the reasoning model of the Qwen series. tools 32b 2.2M Pulls 8 Tags Updated 1 year ago,https://ollama.com/library/qwq,32.0,,2025-05-02,False,,32.0,,,True
cogito,cogito:14b,https://ollama.com/library/cogito%3A14b,cogito:14b 9.0GB · 128K context window · Text · 1 year ago,9.0,Text,False,1 year ago,"cogito Cogito v1 Preview is a family of hybrid reasoning models by Deep Cogito that outperform the best available open models of the same size, including counterparts from LLaMA, DeepSeek, and Qwen across most standard benchmarks. tools 3b 8b 14b 32b 70b 2M Pulls 20 Tags Updated 1 year ago",https://ollama.com/library/cogito,14.0,,2025-05-02,False,,14.0,,,True
cogito,cogito:32b,https://ollama.com/library/cogito%3A32b,cogito:32b 20GB · 128K context window · Text · 1 year ago,20.0,Text,False,1 year ago,"cogito Cogito v1 Preview is a family of hybrid reasoning models by Deep Cogito that outperform the best available open models of the same size, including counterparts from LLaMA, DeepSeek, and Qwen across most standard benchmarks. tools 3b 8b 14b 32b 70b 2M Pulls 20 Tags Updated 1 year ago",https://ollama.com/library/cogito,32.0,,2025-05-02,False,,32.0,,,True
cogito,cogito:70b,https://ollama.com/library/cogito%3A70b,cogito:70b 43GB · 128K context window · Text · 1 year ago,43.0,Text,False,1 year ago,"cogito Cogito v1 Preview is a family of hybrid reasoning models by Deep Cogito that outperform the best available open models of the same size, including counterparts from LLaMA, DeepSeek, and Qwen across most standard benchmarks. tools 3b 8b 14b 32b 70b 2M Pulls 20 Tags Updated 1 year ago",https://ollama.com/library/cogito,70.0,,2025-05-02,False,,70.0,,,True
cogito,cogito:8b,https://ollama.com/library/cogito%3A8b,cogito:8b latest 4.9GB · 128K context window · Text · 1 year ago,4.9,Text,False,1 year ago,"cogito Cogito v1 Preview is a family of hybrid reasoning models by Deep Cogito that outperform the best available open models of the same size, including counterparts from LLaMA, DeepSeek, and Qwen across most standard benchmarks. tools 3b 8b 14b 32b 70b 2M Pulls 20 Tags Updated 1 year ago",https://ollama.com/library/cogito,8.0,,2025-05-02,False,,8.0,,,True
mistral-small3.2,mistral-small3.2:24b,https://ollama.com/library/mistral-small3.2%3A24b,"mistral-small3.2:24b latest 15GB · 128K context window · Text, Image · 10 months ago",15.0,,False,10 months ago,"mistral-small3.2 An update to Mistral Small that improves on function calling, instruction following, and less repetition errors. vision tools 24b 1.9M Pulls 5 Tags Updated 10 months ago",https://ollama.com/library/mistral-small3.2,24.0,,2025-07-06,False,,24.0,,,True
llama4,llama4:16x17b,https://ollama.com/library/llama4%3A16x17b,"llama4:16x17b latest 67GB · 10M context window · Text, Image · 10 months ago",67.0,,False,10 months ago,llama4 Meta's latest collection of multimodal models. vision tools 16x17b 128x17b 1.6M Pulls 11 Tags Updated 10 months ago,https://ollama.com/library/llama4,272.0,,2025-07-06,True,,272.0,,,True
phi4-reasoning,phi4-reasoning:14b,https://ollama.com/library/phi4-reasoning%3A14b,phi4-reasoning:14b latest 11GB · 32K context window · Text · 1 year ago,11.0,Text,False,1 year ago,phi4-reasoning Phi 4 reasoning and reasoning plus are 14-billion parameter open-weight reasoning models that rival much larger models on complex reasoning tasks. 14b 1.5M Pulls 9 Tags Updated 1 year ago,https://ollama.com/library/phi4-reasoning,14.0,,2025-05-02,False,,14.0,,,True
magistral,magistral:24b,https://ollama.com/library/magistral%3A24b,magistral:24b latest 14GB · 39K context window · Text · 10 months ago,14.0,Text,False,10 months ago,"magistral Magistral is a small, efficient reasoning model with 24B parameters. tools thinking 24b 1.4M Pulls 5 Tags Updated 10 months ago",https://ollama.com/library/magistral,24.0,,2025-07-06,False,,24.0,,,True
command-r,command-r:35b,https://ollama.com/library/command-r%3A35b,command-r:35b latest 19GB · 128K context window · Text · 1 year ago,19.0,Text,False,1 year ago,command-r Command R is a Large Language Model optimized for conversational interaction and long context tasks. tools 35b 1.4M Pulls 32 Tags Updated 1 year ago,https://ollama.com/library/command-r,35.0,Q4_0,2025-05-02,False,,35.0,,,True
hermes3,hermes3:70b,https://ollama.com/library/hermes3%3A70b,hermes3:70b 40GB · 128K context window · Text · 1 year ago,40.0,Text,False,1 year ago,hermes3 Hermes 3 is the latest version of the flagship Hermes series of LLMs by Nous Research tools 3b 8b 70b 405b 1.3M Pulls 65 Tags Updated 1 year ago,https://ollama.com/library/hermes3,70.0,Q4_0,2025-05-02,False,,70.0,,,True
hermes3,hermes3:8b,https://ollama.com/library/hermes3%3A8b,hermes3:8b latest 4.7GB · 128K context window · Text · 1 year ago,4.7,Text,False,1 year ago,hermes3 Hermes 3 is the latest version of the flagship Hermes series of LLMs by Nous Research tools 3b 8b 70b 405b 1.3M Pulls 65 Tags Updated 1 year ago,https://ollama.com/library/hermes3,8.0,Q4_0,2025-05-02,False,,8.0,,,True
glm-4.7-flash,glm-4.7-flash:bf16,https://ollama.com/library/glm-4.7-flash%3Abf16,glm-4.7-flash:bf16 60GB · 198K context window · Text · 3 months ago,60.0,Text,False,3 months ago,"glm-4.7-flash As the strongest model in the 30B class, GLM-4.7-Flash offers a new option for lightweight deployment that balances performance and efficiency. tools thinking 1.2M Pulls 4 Tags Updated 3 months ago",https://ollama.com/library/glm-4.7-flash,,,2026-02-01,False,,,,,True
glm-4.7-flash,glm-4.7-flash:q4_K_M,https://ollama.com/library/glm-4.7-flash%3Aq4_K_M,glm-4.7-flash:q4_K_M 19GB · 198K context window · Text · 3 months ago,19.0,Text,False,3 months ago,"glm-4.7-flash As the strongest model in the 30B class, GLM-4.7-Flash offers a new option for lightweight deployment that balances performance and efficiency. tools thinking 1.2M Pulls 4 Tags Updated 3 months ago",https://ollama.com/library/glm-4.7-flash,,,2026-02-01,False,,,,,True
glm-4.7-flash,glm-4.7-flash:q8_0,https://ollama.com/library/glm-4.7-flash%3Aq8_0,glm-4.7-flash:q8_0 32GB · 198K context window · Text · 3 months ago,32.0,Text,False,3 months ago,"glm-4.7-flash As the strongest model in the 30B class, GLM-4.7-Flash offers a new option for lightweight deployment that balances performance and efficiency. tools thinking 1.2M Pulls 4 Tags Updated 3 months ago",https://ollama.com/library/glm-4.7-flash,,Q8_0,2026-02-01,False,,,,,True
deepseek-v2,deepseek-v2:16b,https://ollama.com/library/deepseek-v2%3A16b,deepseek-v2:16b latest 8.9GB · 160K context window · Text · 1 year ago,8.9,Text,False,1 year ago,"deepseek-v2 A strong, economical, and efficient Mixture-of-Experts language model. 16b 236b 1.1M Pulls 34 Tags Updated 1 year ago",https://ollama.com/library/deepseek-v2,16.0,Q4_0,2025-05-02,False,,16.0,,,True
lfm2,lfm2:24b,https://ollama.com/library/lfm2%3A24b,lfm2:24b latest 14GB · 32K context window · Text · 2 months ago,14.0,Text,False,2 months ago,"lfm2 LFM2 is a family of hybrid models designed for on-device deployment. LFM2-24B-A2B is the largest model in the family, scaling the architecture to 24 billion parameters while keeping inference efficient. tools 24b 1.1M Pulls 6 Tags Updated 2 months ago",https://ollama.com/library/lfm2,24.0,,2026-03-03,False,,24.0,,,True
deepseek-llm,deepseek-llm:67b,https://ollama.com/library/deepseek-llm%3A67b,deepseek-llm:67b 38GB · 4K context window · Text · 2 years ago,38.0,Text,False,2 years ago,deepseek-llm An advanced language model crafted with 2 trillion bilingual tokens. 7b 67b 1.1M Pulls 64 Tags Updated 2 years ago,https://ollama.com/library/deepseek-llm,67.0,Q4_0,2024-05-02,False,,67.0,,,True
deepseek-llm,deepseek-llm:7b,https://ollama.com/library/deepseek-llm%3A7b,deepseek-llm:7b latest 4.0GB · 4K context window · Text · 2 years ago,4.0,Text,False,2 years ago,deepseek-llm An advanced language model crafted with 2 trillion bilingual tokens. 7b 67b 1.1M Pulls 64 Tags Updated 2 years ago,https://ollama.com/library/deepseek-llm,7.0,Q4_0,2024-05-02,False,,7.0,,,True
openchat,openchat:7b,https://ollama.com/library/openchat%3A7b,openchat:7b latest 4.1GB · 8K context window · Text · 2 years ago,4.1,Text,False,2 years ago,"openchat A family of open-source models trained on a wide variety of data, surpassing ChatGPT on various benchmarks. Updated to version 3.5-0106. 7b 1.1M Pulls 50 Tags Updated 2 years ago",https://ollama.com/library/openchat,7.0,Q4_0,2024-05-02,False,,7.0,,,True
falcon,falcon:40b,https://ollama.com/library/falcon%3A40b,falcon:40b 24GB · 2K context window · Text · 2 years ago,24.0,Text,False,2 years ago,"falcon A large language model built by the Technology Innovation Institute (TII) for use in summarization, text generation, and chat bots. 7b 40b 180b 1.1M Pulls 38 Tags Updated 2 years ago",https://ollama.com/library/falcon,40.0,Q4_0,2024-05-02,False,,40.0,,,True
falcon,falcon:7b,https://ollama.com/library/falcon%3A7b,falcon:7b latest 4.2GB · 2K context window · Text · 2 years ago,4.2,Text,False,2 years ago,"falcon A large language model built by the Technology Innovation Institute (TII) for use in summarization, text generation, and chat bots. 7b 40b 180b 1.1M Pulls 38 Tags Updated 2 years ago",https://ollama.com/library/falcon,7.0,Q4_0,2024-05-02,False,,7.0,,,True
ministral-3,ministral-3:14b,https://ollama.com/library/ministral-3%3A14b,"ministral-3:14b 9.1GB · 256K context window · Text, Image · 4 months ago",9.1,,False,4 months ago,"ministral-3 The Ministral 3 family is designed for edge deployment, capable of running on a wide range of hardware. vision tools cloud 3b 8b 14b 1M Pulls 16 Tags Updated 4 months ago",https://ollama.com/library/ministral-3,14.0,,2026-01-02,False,,14.0,,,True
ministral-3,ministral-3:8b,https://ollama.com/library/ministral-3%3A8b,"ministral-3:8b latest 6.0GB · 256K context window · Text, Image · 4 months ago",6.0,,False,4 months ago,"ministral-3 The Ministral 3 family is designed for edge deployment, capable of running on a wide range of hardware. vision tools cloud 3b 8b 14b 1M Pulls 16 Tags Updated 4 months ago",https://ollama.com/library/ministral-3,8.0,,2026-01-02,False,,8.0,,,True
granite3.3,granite3.3:8b,https://ollama.com/library/granite3.3%3A8b,granite3.3:8b latest 4.9GB · 128K context window · Text · 1 year ago,4.9,Text,False,1 year ago,granite3.3 IBM Granite 2B and 8B models are 128K context length language models that have been fine-tuned for improved reasoning and instruction-following capabilities. tools 2b 8b 1M Pulls 3 Tags Updated 1 year ago,https://ollama.com/library/granite3.3,8.0,,2025-05-02,False,,8.0,,,True
granite3-dense,granite3-dense:8b,https://ollama.com/library/granite3-dense%3A8b,granite3-dense:8b 4.9GB · 4K context window · Text · 1 year ago,4.9,Text,False,1 year ago,"granite3-dense The IBM Granite 2B and 8B models are designed to support tool-based use cases and support for retrieval augmented generation (RAG), streamlining code generation, translation and bug fixing. tools 2b 8b 942.1K Pulls 33 Tags Updated 1 year ago",https://ollama.com/library/granite3-dense,8.0,,2025-05-02,False,,8.0,,,True
granite3.1-dense,granite3.1-dense:8b,https://ollama.com/library/granite3.1-dense%3A8b,granite3.1-dense:8b latest 5.0GB · 128K context window · Text · 1 year ago,5.0,Text,False,1 year ago,"granite3.1-dense The IBM Granite 2B and 8B models are text-only dense LLMs trained on over 12 trillion tokens of data, demonstrated significant improvements over their predecessors in performance and speed in IBM’s initial testing. tools 2b 8b 939.7K Pulls 33 Tags Updated 1 year ago",https://ollama.com/library/granite3.1-dense,8.0,,2025-05-02,False,,8.0,,,True
llama3-gradient,llama3-gradient:70b,https://ollama.com/library/llama3-gradient%3A70b,llama3-gradient:70b 40GB · 1M context window · Text · 1 year ago,40.0,Text,False,1 year ago,llama3-gradient This model extends LLama-3 8B's context length from 8k to over 1m tokens. 8b 70b 923.9K Pulls 35 Tags Updated 1 year ago,https://ollama.com/library/llama3-gradient,70.0,Q4_0,2025-05-02,False,,70.0,,,True
llama3-gradient,llama3-gradient:8b,https://ollama.com/library/llama3-gradient%3A8b,llama3-gradient:8b latest 4.7GB · 1M context window · Text · 2 years ago,4.7,Text,False,2 years ago,llama3-gradient This model extends LLama-3 8B's context length from 8k to over 1m tokens. 8b 70b 923.9K Pulls 35 Tags Updated 1 year ago,https://ollama.com/library/llama3-gradient,8.0,Q4_0,2024-05-02,False,,8.0,,,True
internlm2,internlm2:20b,https://ollama.com/library/internlm2%3A20b,internlm2:20b 11GB · 32K context window · Text · 1 year ago,11.0,Text,False,1 year ago,internlm2 InternLM2.5 is a 7B parameter model tailored for practical scenarios with outstanding reasoning capability. 1m 1.8b 7b 20b 912.1K Pulls 65 Tags Updated 1 year ago,https://ollama.com/library/internlm2,20.0,Q4_0,2025-05-02,False,,20.0,,,True
internlm2,internlm2:7b,https://ollama.com/library/internlm2%3A7b,internlm2:7b latest 4.5GB · 32K context window · Text · 1 year ago,4.5,Text,False,1 year ago,internlm2 InternLM2.5 is a 7B parameter model tailored for practical scenarios with outstanding reasoning capability. 1m 1.8b 7b 20b 912.1K Pulls 65 Tags Updated 1 year ago,https://ollama.com/library/internlm2,7.0,Q4_0,2025-05-02,False,,7.0,,,True
starling-lm,starling-lm:7b,https://ollama.com/library/starling-lm%3A7b,starling-lm:7b latest 4.1GB · 8K context window · Text · 2 years ago,4.1,Text,False,2 years ago,starling-lm Starling is a large language model trained by reinforcement learning from AI feedback focused on improving chatbot helpfulness. 7b 900.9K Pulls 36 Tags Updated 2 years ago,https://ollama.com/library/starling-lm,7.0,Q4_0,2024-05-02,False,,7.0,,,True
solar,solar:10.7b,https://ollama.com/library/solar%3A10.7b,solar:10.7b latest 6.1GB · 4K context window · Text · 2 years ago,6.1,Text,False,2 years ago,"solar A compact, yet powerful 10.7B large language model designed for single-turn conversation. 10.7b 897.6K Pulls 32 Tags Updated 2 years ago",https://ollama.com/library/solar,10.7,Q4_0,2024-05-02,False,,10.7,,,True
granite3-moe,granite3-moe:1b,https://ollama.com/library/granite3-moe%3A1b,granite3-moe:1b latest 822MB · 4K context window · Text · 1 year ago,0.802734375,Text,False,1 year ago,granite3-moe The IBM Granite 1B and 3B models are the first mixture of experts (MoE) Granite models from IBM designed for low latency usage. tools 1b 3b 883.4K Pulls 33 Tags Updated 1 year ago,https://ollama.com/library/granite3-moe,1.0,,2025-05-02,True,,1.0,,,True
granite3-moe,granite3-moe:3b,https://ollama.com/library/granite3-moe%3A3b,granite3-moe:3b 2.1GB · 4K context window · Text · 1 year ago,2.1,Text,False,1 year ago,granite3-moe The IBM Granite 1B and 3B models are the first mixture of experts (MoE) Granite models from IBM designed for low latency usage. tools 1b 3b 883.4K Pulls 33 Tags Updated 1 year ago,https://ollama.com/library/granite3-moe,3.0,,2025-05-02,True,,3.0,,,True
yarn-llama2,yarn-llama2:13b,https://ollama.com/library/yarn-llama2%3A13b,yarn-llama2:13b 7.4GB · 64K context window · Text · 2 years ago,7.4,Text,False,2 years ago,yarn-llama2 An extension of Llama 2 that supports a context of up to 128k tokens. 7b 13b 882K Pulls 67 Tags Updated 2 years ago,https://ollama.com/library/yarn-llama2,13.0,Q4_0,2024-05-02,False,,13.0,,,True
yarn-llama2,yarn-llama2:7b,https://ollama.com/library/yarn-llama2%3A7b,yarn-llama2:7b latest 3.8GB · 64K context window · Text · 2 years ago,3.8,Text,False,2 years ago,yarn-llama2 An extension of Llama 2 that supports a context of up to 128k tokens. 7b 13b 882K Pulls 67 Tags Updated 2 years ago,https://ollama.com/library/yarn-llama2,7.0,Q4_0,2024-05-02,False,,7.0,,,True
llama-pro,llama-pro:8b-instruct-fp16,https://ollama.com/library/llama-pro%3A8b-instruct-fp16,llama-pro:8b-instruct-fp16 17GB · 4K context window · Text · 2 years ago,17.0,Text,False,2 years ago,"llama-pro An expansion of Llama 2 that specializes in integrating both general language understanding and domain-specific knowledge, particularly in programming and mathematics. 844.3K Pulls 33 Tags Updated 2 years ago",https://ollama.com/library/llama-pro,8.0,FP16,2024-05-02,False,,8.0,,,True
llama-pro,llama-pro:8b-instruct-q2_K,https://ollama.com/library/llama-pro%3A8b-instruct-q2_K,llama-pro:8b-instruct-q2_K 3.5GB · 4K context window · Text · 2 years ago,3.5,Text,False,2 years ago,"llama-pro An expansion of Llama 2 that specializes in integrating both general language understanding and domain-specific knowledge, particularly in programming and mathematics. 844.3K Pulls 33 Tags Updated 2 years ago",https://ollama.com/library/llama-pro,8.0,Q2_K,2024-05-02,False,,8.0,,,True
llama-pro,llama-pro:8b-instruct-q3_K_L,https://ollama.com/library/llama-pro%3A8b-instruct-q3_K_L,llama-pro:8b-instruct-q3_K_L 4.5GB · 4K context window · Text · 2 years ago,4.5,Text,False,2 years ago,"llama-pro An expansion of Llama 2 that specializes in integrating both general language understanding and domain-specific knowledge, particularly in programming and mathematics. 844.3K Pulls 33 Tags Updated 2 years ago",https://ollama.com/library/llama-pro,8.0,,2024-05-02,False,,8.0,,,True
llama-pro,llama-pro:8b-instruct-q3_K_M,https://ollama.com/library/llama-pro%3A8b-instruct-q3_K_M,llama-pro:8b-instruct-q3_K_M 4.1GB · 4K context window · Text · 2 years ago,4.1,Text,False,2 years ago,"llama-pro An expansion of Llama 2 that specializes in integrating both general language understanding and domain-specific knowledge, particularly in programming and mathematics. 844.3K Pulls 33 Tags Updated 2 years ago",https://ollama.com/library/llama-pro,8.0,,2024-05-02,False,,8.0,,,True
llama-pro,llama-pro:8b-instruct-q3_K_S,https://ollama.com/library/llama-pro%3A8b-instruct-q3_K_S,llama-pro:8b-instruct-q3_K_S 3.6GB · 4K context window · Text · 2 years ago,3.6,Text,False,2 years ago,"llama-pro An expansion of Llama 2 that specializes in integrating both general language understanding and domain-specific knowledge, particularly in programming and mathematics. 844.3K Pulls 33 Tags Updated 2 years ago",https://ollama.com/library/llama-pro,8.0,,2024-05-02,False,,8.0,,,True
llama-pro,llama-pro:8b-instruct-q4_0,https://ollama.com/library/llama-pro%3A8b-instruct-q4_0,llama-pro:8b-instruct-q4_0 4.7GB · 4K context window · Text · 2 years ago,4.7,Text,False,2 years ago,"llama-pro An expansion of Llama 2 that specializes in integrating both general language understanding and domain-specific knowledge, particularly in programming and mathematics. 844.3K Pulls 33 Tags Updated 2 years ago",https://ollama.com/library/llama-pro,8.0,Q4_0,2024-05-02,False,,8.0,,,True
llama-pro,llama-pro:8b-instruct-q4_1,https://ollama.com/library/llama-pro%3A8b-instruct-q4_1,llama-pro:8b-instruct-q4_1 5.3GB · 4K context window · Text · 2 years ago,5.3,Text,False,2 years ago,"llama-pro An expansion of Llama 2 that specializes in integrating both general language understanding and domain-specific knowledge, particularly in programming and mathematics. 844.3K Pulls 33 Tags Updated 2 years ago",https://ollama.com/library/llama-pro,8.0,Q4_1,2024-05-02,False,,8.0,,,True
llama-pro,llama-pro:8b-instruct-q4_K_M,https://ollama.com/library/llama-pro%3A8b-instruct-q4_K_M,llama-pro:8b-instruct-q4_K_M 5.1GB · 4K context window · Text · 2 years ago,5.1,Text,False,2 years ago,"llama-pro An expansion of Llama 2 that specializes in integrating both general language understanding and domain-specific knowledge, particularly in programming and mathematics. 844.3K Pulls 33 Tags Updated 2 years ago",https://ollama.com/library/llama-pro,8.0,,2024-05-02,False,,8.0,,,True
llama-pro,llama-pro:8b-instruct-q4_K_S,https://ollama.com/library/llama-pro%3A8b-instruct-q4_K_S,llama-pro:8b-instruct-q4_K_S 4.8GB · 4K context window · Text · 2 years ago,4.8,Text,False,2 years ago,"llama-pro An expansion of Llama 2 that specializes in integrating both general language understanding and domain-specific knowledge, particularly in programming and mathematics. 844.3K Pulls 33 Tags Updated 2 years ago",https://ollama.com/library/llama-pro,8.0,,2024-05-02,False,,8.0,,,True
llama-pro,llama-pro:8b-instruct-q5_0,https://ollama.com/library/llama-pro%3A8b-instruct-q5_0,llama-pro:8b-instruct-q5_0 5.8GB · 4K context window · Text · 2 years ago,5.8,Text,False,2 years ago,"llama-pro An expansion of Llama 2 that specializes in integrating both general language understanding and domain-specific knowledge, particularly in programming and mathematics. 844.3K Pulls 33 Tags Updated 2 years ago",https://ollama.com/library/llama-pro,8.0,Q5_0,2024-05-02,False,,8.0,,,True
llama-pro,llama-pro:8b-instruct-q5_1,https://ollama.com/library/llama-pro%3A8b-instruct-q5_1,llama-pro:8b-instruct-q5_1 6.3GB · 4K context window · Text · 2 years ago,6.3,Text,False,2 years ago,"llama-pro An expansion of Llama 2 that specializes in integrating both general language understanding and domain-specific knowledge, particularly in programming and mathematics. 844.3K Pulls 33 Tags Updated 2 years ago",https://ollama.com/library/llama-pro,8.0,Q5_1,2024-05-02,False,,8.0,,,True
llama-pro,llama-pro:8b-instruct-q5_K_M,https://ollama.com/library/llama-pro%3A8b-instruct-q5_K_M,llama-pro:8b-instruct-q5_K_M 5.9GB · 4K context window · Text · 2 years ago,5.9,Text,False,2 years ago,"llama-pro An expansion of Llama 2 that specializes in integrating both general language understanding and domain-specific knowledge, particularly in programming and mathematics. 844.3K Pulls 33 Tags Updated 2 years ago",https://ollama.com/library/llama-pro,8.0,,2024-05-02,False,,8.0,,,True
llama-pro,llama-pro:8b-instruct-q5_K_S,https://ollama.com/library/llama-pro%3A8b-instruct-q5_K_S,llama-pro:8b-instruct-q5_K_S 5.8GB · 4K context window · Text · 2 years ago,5.8,Text,False,2 years ago,"llama-pro An expansion of Llama 2 that specializes in integrating both general language understanding and domain-specific knowledge, particularly in programming and mathematics. 844.3K Pulls 33 Tags Updated 2 years ago",https://ollama.com/library/llama-pro,8.0,,2024-05-02,False,,8.0,,,True
llama-pro,llama-pro:8b-instruct-q6_K,https://ollama.com/library/llama-pro%3A8b-instruct-q6_K,llama-pro:8b-instruct-q6_K 6.9GB · 4K context window · Text · 2 years ago,6.9,Text,False,2 years ago,"llama-pro An expansion of Llama 2 that specializes in integrating both general language understanding and domain-specific knowledge, particularly in programming and mathematics. 844.3K Pulls 33 Tags Updated 2 years ago",https://ollama.com/library/llama-pro,8.0,Q6_K,2024-05-02,False,,8.0,,,True
llama-pro,llama-pro:8b-instruct-q8_0,https://ollama.com/library/llama-pro%3A8b-instruct-q8_0,llama-pro:8b-instruct-q8_0 8.9GB · 4K context window · Text · 2 years ago,8.9,Text,False,2 years ago,"llama-pro An expansion of Llama 2 that specializes in integrating both general language understanding and domain-specific knowledge, particularly in programming and mathematics. 844.3K Pulls 33 Tags Updated 2 years ago",https://ollama.com/library/llama-pro,8.0,Q8_0,2024-05-02,False,,8.0,,,True
llama-pro,llama-pro:instruct,https://ollama.com/library/llama-pro%3Ainstruct,llama-pro:instruct latest 4.7GB · 4K context window · Text · 2 years ago,4.7,Text,False,2 years ago,"llama-pro An expansion of Llama 2 that specializes in integrating both general language understanding and domain-specific knowledge, particularly in programming and mathematics. 844.3K Pulls 33 Tags Updated 2 years ago",https://ollama.com/library/llama-pro,,Q4_0,2024-05-02,False,,,,,True
llama-pro,llama-pro:text,https://ollama.com/library/llama-pro%3Atext,llama-pro:text 4.7GB · 4K context window · Text · 2 years ago,4.7,Text,False,2 years ago,"llama-pro An expansion of Llama 2 that specializes in integrating both general language understanding and domain-specific knowledge, particularly in programming and mathematics. 844.3K Pulls 33 Tags Updated 2 years ago",https://ollama.com/library/llama-pro,,Q4_0,2024-05-02,False,,,,,True
yarn-mistral,yarn-mistral:7b,https://ollama.com/library/yarn-mistral%3A7b,yarn-mistral:7b latest 4.1GB · 32K context window · Text · 2 years ago,4.1,Text,False,2 years ago,yarn-mistral An extension of Mistral to support context windows of 64K or 128K. 7b 839.2K Pulls 33 Tags Updated 2 years ago,https://ollama.com/library/yarn-mistral,7.0,Q4_0,2024-05-02,False,,7.0,,,True
command-r-plus,command-r-plus:104b,https://ollama.com/library/command-r-plus%3A104b,command-r-plus:104b latest 59GB · 128K context window · Text · 1 year ago,59.0,Text,False,1 year ago,"command-r-plus Command R+ is a powerful, scalable large language model purpose-built to excel at real-world enterprise use cases. tools 104b 749.5K Pulls 21 Tags Updated 1 year ago",https://ollama.com/library/command-r-plus,104.0,Q4_0,2025-05-02,False,,104.0,,,True
qwen3.6,qwen3.6:27b,https://ollama.com/library/qwen3.6%3A27b,"qwen3.6:27b 17GB · 256K context window · Text, Image · 1 week ago",17.0,,False,1 week ago,qwen3.6 Qwen3.6 delivers substantial upgrades in agentic coding and thinking preservation than previous Qwen models. vision tools thinking 27b 35b 741.2K Pulls 22 Tags Updated 1 week ago,https://ollama.com/library/qwen3.6,27.0,,2026-04-25,False,,27.0,,,True
qwen3.6,qwen3.6:27b-mlx-bf16,https://ollama.com/library/qwen3.6%3A27b-mlx-bf16,qwen3.6:27b-mlx-bf16 MLX 55GB · 256K context window · Text · 1 week ago,55.0,Text,False,1 week ago,qwen3.6 Qwen3.6 delivers substantial upgrades in agentic coding and thinking preservation than previous Qwen models. vision tools thinking 27b 35b 741.2K Pulls 22 Tags Updated 1 week ago,https://ollama.com/library/qwen3.6,27.0,,2026-04-25,False,,27.0,,,True
qwen3.6,qwen3.6:35b,https://ollama.com/library/qwen3.6%3A35b,"qwen3.6:35b latest 24GB · 256K context window · Text, Image · 2 weeks ago",24.0,,False,2 weeks ago,qwen3.6 Qwen3.6 delivers substantial upgrades in agentic coding and thinking preservation than previous Qwen models. vision tools thinking 27b 35b 741.2K Pulls 22 Tags Updated 1 week ago,https://ollama.com/library/qwen3.6,35.0,,2026-04-18,False,,35.0,,,True
qwen3.6,qwen3.6:35b-a3b-mlx-bf16,https://ollama.com/library/qwen3.6%3A35b-a3b-mlx-bf16,qwen3.6:35b-a3b-mlx-bf16 MLX 70GB · 256K context window · Text · 2 weeks ago,70.0,Text,False,2 weeks ago,qwen3.6 Qwen3.6 delivers substantial upgrades in agentic coding and thinking preservation than previous Qwen models. vision tools thinking 27b 35b 741.2K Pulls 22 Tags Updated 1 week ago,https://ollama.com/library/qwen3.6,35.0,,2026-04-18,True,3.0,35.0,,,True
mistral-small3.1,mistral-small3.1:24b,https://ollama.com/library/mistral-small3.1%3A24b,"mistral-small3.1:24b latest 15GB · 128K context window · Text, Image · 1 year ago",15.0,,False,1 year ago,"mistral-small3.1 Building upon Mistral Small 3, Mistral Small 3.1 (2503) adds state-of-the-art vision understanding and enhances long context capabilities up to 128k tokens without compromising text performance. vision tools 24b 733.1K Pulls 5 Tags Updated 1 year ago",https://ollama.com/library/mistral-small3.1,24.0,,2025-05-02,False,,24.0,,,True
reflection,reflection:70b,https://ollama.com/library/reflection%3A70b,reflection:70b latest 40GB · 128K context window · Text · 1 year ago,40.0,Text,False,1 year ago,reflection A high-performing model trained with a new technique called Reflection-tuning that teaches a LLM to detect mistakes in its reasoning and correct course. 70b 578.6K Pulls 17 Tags Updated 1 year ago,https://ollama.com/library/reflection,70.0,Q4_0,2025-05-02,False,,70.0,,,True
nemotron,nemotron:70b,https://ollama.com/library/nemotron%3A70b,nemotron:70b latest 43GB · 128K context window · Text · 1 year ago,43.0,Text,False,1 year ago,nemotron Llama-3.1-Nemotron-70B-Instruct is a large language model customized by NVIDIA to improve the helpfulness of LLM generated responses to user queries. tools 70b 568.3K Pulls 17 Tags Updated 1 year ago,https://ollama.com/library/nemotron,70.0,,2025-05-02,False,,70.0,,,True
megadolphin,megadolphin:120b,https://ollama.com/library/megadolphin%3A120b,megadolphin:120b latest 68GB · 4K context window · Text · 2 years ago,68.0,Text,False,2 years ago,megadolphin MegaDolphin-2.2-120b is a transformation of Dolphin-2.2-70b created by interleaving the model with itself. 120b 533.5K Pulls 19 Tags Updated 2 years ago,https://ollama.com/library/megadolphin,120.0,Q4_0,2024-05-02,False,,120.0,,,True
qwen3-next,qwen3-next:80b,https://ollama.com/library/qwen3-next%3A80b,qwen3-next:80b latest 50GB · 256K context window · Text · 4 months ago,50.0,Text,False,4 months ago,qwen3-next The first installment in the Qwen3-Next series with strong performance in terms of both parameter efficiency and inference speed. tools thinking cloud 80b 532.7K Pulls 10 Tags Updated 4 months ago,https://ollama.com/library/qwen3-next,80.0,,2026-01-02,False,,80.0,,,True
solar-pro,solar-pro:22b,https://ollama.com/library/solar-pro%3A22b,solar-pro:22b latest 13GB · 4K context window · Text · 1 year ago,13.0,Text,False,1 year ago,solar-pro Solar Pro Preview: an advanced large language model (LLM) with 22 billion parameters designed to fit into a single GPU 22b 523.5K Pulls 18 Tags Updated 1 year ago,https://ollama.com/library/solar-pro,22.0,,2025-05-02,False,,22.0,,,True
notux,notux:8x7b,https://ollama.com/library/notux%3A8x7b,notux:8x7b latest 26GB · 32K context window · Text · 2 years ago,26.0,Text,False,2 years ago,"notux A top-performing mixture of experts model, fine-tuned with high-quality data. 8x7b 505.2K Pulls 18 Tags Updated 2 years ago",https://ollama.com/library/notux,56.0,Q4_0,2024-05-02,True,,56.0,,,True
falcon2,falcon2:11b,https://ollama.com/library/falcon2%3A11b,falcon2:11b latest 6.4GB · 2K context window · Text · 1 year ago,6.4,Text,False,1 year ago,falcon2 Falcon2 is an 11B parameters causal decoder-only model built by TII and trained over 5T tokens. 11b 503.3K Pulls 17 Tags Updated 1 year ago,https://ollama.com/library/falcon2,11.0,Q4_0,2025-05-02,False,,11.0,,,True
mistrallite,mistrallite:7b,https://ollama.com/library/mistrallite%3A7b,mistrallite:7b latest 4.1GB · 32K context window · Text · 2 years ago,4.1,Text,False,2 years ago,mistrallite MistralLite is a fine-tuned model based on Mistral with enhanced capabilities of processing long contexts. 7b 491.6K Pulls 17 Tags Updated 2 years ago,https://ollama.com/library/mistrallite,7.0,Q4_0,2024-05-02,False,,7.0,,,True
goliath,goliath:120b-q2_K,https://ollama.com/library/goliath%3A120b-q2_K,goliath:120b-q2_K 50GB · 4K context window · Text · 2 years ago,50.0,Text,False,2 years ago,goliath A language model created by combining two fine-tuned Llama 2 70B models into one. 450.3K Pulls 16 Tags Updated 2 years ago,https://ollama.com/library/goliath,120.0,Q2_K,2024-05-02,False,,120.0,,,True
goliath,goliath:120b-q3_K_L,https://ollama.com/library/goliath%3A120b-q3_K_L,goliath:120b-q3_K_L 62GB · 4K context window · Text · 2 years ago,62.0,Text,False,2 years ago,goliath A language model created by combining two fine-tuned Llama 2 70B models into one. 450.3K Pulls 16 Tags Updated 2 years ago,https://ollama.com/library/goliath,120.0,,2024-05-02,False,,120.0,,,True
goliath,goliath:120b-q3_K_M,https://ollama.com/library/goliath%3A120b-q3_K_M,goliath:120b-q3_K_M 56GB · 4K context window · Text · 2 years ago,56.0,Text,False,2 years ago,goliath A language model created by combining two fine-tuned Llama 2 70B models into one. 450.3K Pulls 16 Tags Updated 2 years ago,https://ollama.com/library/goliath,120.0,,2024-05-02,False,,120.0,,,True
goliath,goliath:120b-q3_K_S,https://ollama.com/library/goliath%3A120b-q3_K_S,goliath:120b-q3_K_S 51GB · 4K context window · Text · 2 years ago,51.0,Text,False,2 years ago,goliath A language model created by combining two fine-tuned Llama 2 70B models into one. 450.3K Pulls 16 Tags Updated 2 years ago,https://ollama.com/library/goliath,120.0,,2024-05-02,False,,120.0,,,True
goliath,goliath:120b-q4_0,https://ollama.com/library/goliath%3A120b-q4_0,goliath:120b-q4_0 66GB · 4K context window · Text · 2 years ago,66.0,Text,False,2 years ago,goliath A language model created by combining two fine-tuned Llama 2 70B models into one. 450.3K Pulls 16 Tags Updated 2 years ago,https://ollama.com/library/goliath,120.0,Q4_0,2024-05-02,False,,120.0,,,True
goliath,goliath:120b-q4_1,https://ollama.com/library/goliath%3A120b-q4_1,goliath:120b-q4_1 74GB · 4K context window · Text · 2 years ago,74.0,Text,False,2 years ago,goliath A language model created by combining two fine-tuned Llama 2 70B models into one. 450.3K Pulls 16 Tags Updated 2 years ago,https://ollama.com/library/goliath,120.0,Q4_1,2024-05-02,False,,120.0,,,True
goliath,goliath:120b-q4_K_M,https://ollama.com/library/goliath%3A120b-q4_K_M,goliath:120b-q4_K_M 71GB · 4K context window · Text · 2 years ago,71.0,Text,False,2 years ago,goliath A language model created by combining two fine-tuned Llama 2 70B models into one. 450.3K Pulls 16 Tags Updated 2 years ago,https://ollama.com/library/goliath,120.0,,2024-05-02,False,,120.0,,,True
goliath,goliath:120b-q4_K_S,https://ollama.com/library/goliath%3A120b-q4_K_S,goliath:120b-q4_K_S 66GB · 4K context window · Text · 2 years ago,66.0,Text,False,2 years ago,goliath A language model created by combining two fine-tuned Llama 2 70B models into one. 450.3K Pulls 16 Tags Updated 2 years ago,https://ollama.com/library/goliath,120.0,,2024-05-02,False,,120.0,,,True
goliath,goliath:120b-q5_0,https://ollama.com/library/goliath%3A120b-q5_0,goliath:120b-q5_0 81GB · 4K context window · Text · 2 years ago,81.0,Text,False,2 years ago,goliath A language model created by combining two fine-tuned Llama 2 70B models into one. 450.3K Pulls 16 Tags Updated 2 years ago,https://ollama.com/library/goliath,120.0,Q5_0,2024-05-02,False,,120.0,,,True
goliath,goliath:120b-q5_1,https://ollama.com/library/goliath%3A120b-q5_1,goliath:120b-q5_1 88GB · 4K context window · Text · 2 years ago,88.0,Text,False,2 years ago,goliath A language model created by combining two fine-tuned Llama 2 70B models into one. 450.3K Pulls 16 Tags Updated 2 years ago,https://ollama.com/library/goliath,120.0,Q5_1,2024-05-02,False,,120.0,,,True
goliath,goliath:120b-q5_K_M,https://ollama.com/library/goliath%3A120b-q5_K_M,goliath:120b-q5_K_M 83GB · 4K context window · Text · 2 years ago,83.0,Text,False,2 years ago,goliath A language model created by combining two fine-tuned Llama 2 70B models into one. 450.3K Pulls 16 Tags Updated 2 years ago,https://ollama.com/library/goliath,120.0,,2024-05-02,False,,120.0,,,True
goliath,goliath:120b-q5_K_S,https://ollama.com/library/goliath%3A120b-q5_K_S,goliath:120b-q5_K_S 81GB · 4K context window · Text · 2 years ago,81.0,Text,False,2 years ago,goliath A language model created by combining two fine-tuned Llama 2 70B models into one. 450.3K Pulls 16 Tags Updated 2 years ago,https://ollama.com/library/goliath,120.0,,2024-05-02,False,,120.0,,,True
goliath,goliath:120b-q6_K,https://ollama.com/library/goliath%3A120b-q6_K,goliath:120b-q6_K 97GB · 4K context window · Text · 2 years ago,97.0,Text,False,2 years ago,goliath A language model created by combining two fine-tuned Llama 2 70B models into one. 450.3K Pulls 16 Tags Updated 2 years ago,https://ollama.com/library/goliath,120.0,Q6_K,2024-05-02,False,,120.0,,,True
granite3.2,granite3.2:8b,https://ollama.com/library/granite3.2%3A8b,granite3.2:8b latest 4.9GB · 128K context window · Text · 1 year ago,4.9,Text,False,1 year ago,granite3.2 Granite-3.2 is a family of long-context AI models from IBM Granite fine-tuned for thinking capabilities. tools 2b 8b 427.5K Pulls 9 Tags Updated 1 year ago,https://ollama.com/library/granite3.2,8.0,,2025-05-02,False,,8.0,,,True
olmo-3,olmo-3:32b,https://ollama.com/library/olmo-3%3A32b,olmo-3:32b 19GB · 64K context window · Text · 4 months ago,19.0,Text,False,4 months ago,olmo-3 Olmo is a series of Open language models designed to enable the science of language models. These models are pre-trained on the Dolma 3 dataset and post-trained on the Dolci datasets. 7b 32b 419.2K Pulls 15 Tags Updated 4 months ago,https://ollama.com/library/olmo-3,32.0,,2026-01-02,False,,32.0,,,True
olmo-3,olmo-3:7b,https://ollama.com/library/olmo-3%3A7b,olmo-3:7b latest 4.5GB · 64K context window · Text · 4 months ago,4.5,Text,False,4 months ago,olmo-3 Olmo is a series of Open language models designed to enable the science of language models. These models are pre-trained on the Dolma 3 dataset and post-trained on the Dolci datasets. 7b 32b 419.2K Pulls 15 Tags Updated 4 months ago,https://ollama.com/library/olmo-3,7.0,,2026-01-02,False,,7.0,,,True
nemotron-3-nano,nemotron-3-nano:30b,https://ollama.com/library/nemotron-3-nano%3A30b,nemotron-3-nano:30b latest 24GB · 1M context window · Text · 4 months ago,24.0,Text,False,4 months ago,"nemotron-3-nano Nemotron-3-Nano is a new Standard for Efficient, Open, and Intelligent Agentic Models, now updated with a 4B parameter count model. tools thinking cloud 4b 30b 418.1K Pulls 9 Tags Updated 1 month ago",https://ollama.com/library/nemotron-3-nano,30.0,,2026-01-02,False,,30.0,,,True
r1-1776,r1-1776:70b,https://ollama.com/library/r1-1776%3A70b,r1-1776:70b latest 43GB · 128K context window · Text · 1 year ago,43.0,Text,False,1 year ago,"r1-1776 A version of the DeepSeek-R1 model that has been post trained to provide unbiased, accurate, and factual information by Perplexity. 70b 671b 398.8K Pulls 9 Tags Updated 1 year ago",https://ollama.com/library/r1-1776,70.0,,2025-05-02,False,,70.0,,,True
tulu3,tulu3:70b,https://ollama.com/library/tulu3%3A70b,tulu3:70b 43GB · 128K context window · Text · 1 year ago,43.0,Text,False,1 year ago,"tulu3 Tülu 3 is a leading instruction following model family, offering fully open-source data, code, and recipes by the The Allen Institute for AI. 8b 70b 358.7K Pulls 9 Tags Updated 1 year ago",https://ollama.com/library/tulu3,70.0,,2025-05-02,False,,70.0,,,True
tulu3,tulu3:8b,https://ollama.com/library/tulu3%3A8b,tulu3:8b latest 4.9GB · 128K context window · Text · 1 year ago,4.9,Text,False,1 year ago,"tulu3 Tülu 3 is a leading instruction following model family, offering fully open-source data, code, and recipes by the The Allen Institute for AI. 8b 70b 358.7K Pulls 9 Tags Updated 1 year ago",https://ollama.com/library/tulu3,8.0,,2025-05-02,False,,8.0,,,True
olmo-3.1,olmo-3.1:32b,https://ollama.com/library/olmo-3.1%3A32b,olmo-3.1:32b latest 19GB · 64K context window · Text · 4 months ago,19.0,Text,False,4 months ago,olmo-3.1 Olmo is a series of Open language models designed to enable the science of language models. These models are pre-trained on the Dolma 3 dataset and post-trained on the Dolci datasets. tools 32b 267.3K Pulls 10 Tags Updated 4 months ago,https://ollama.com/library/olmo-3.1,32.0,,2026-01-02,False,,32.0,,,True
nemotron-3-super,nemotron-3-super:120b,https://ollama.com/library/nemotron-3-super%3A120b,nemotron-3-super:120b latest 87GB · 256K context window · Text · 1 month ago,87.0,Text,False,1 month ago,nemotron-3-super NVIDIA Nemotron 3 Super is a 120B open MoE model activating just 12B parameters to deliver maximum compute efficiency and accuracy for complex multi-agent applications. tools thinking cloud 120b 264.1K Pulls 7 Tags Updated 1 month ago,https://ollama.com/library/nemotron-3-super,120.0,,2026-04-02,False,,120.0,,,True
command-r7b,command-r7b:7b,https://ollama.com/library/command-r7b%3A7b,command-r7b:7b latest 5.1GB · 8K context window · Text · 1 year ago,5.1,Text,False,1 year ago,"command-r7b The smallest model in Cohere's R series delivers top-tier speed, efficiency, and quality to build powerful AI applications on commodity GPUs and edge devices. tools 7b 253.3K Pulls 5 Tags Updated 1 year ago",https://ollama.com/library/command-r7b,7.0,,2025-05-02,False,,7.0,,,True
alfred,alfred:40b,https://ollama.com/library/alfred%3A40b,alfred:40b latest 24GB · 2K context window · Text · 2 years ago,24.0,Text,False,2 years ago,alfred A robust conversational model designed to be used for both chat and instruct use cases. 40b 225K Pulls 7 Tags Updated 2 years ago,https://ollama.com/library/alfred,40.0,Q4_0,2024-05-02,False,,40.0,,,True
command-a,command-a:111b,https://ollama.com/library/command-a%3A111b,command-a:111b latest 67GB · 16K context window · Text · 1 year ago,67.0,Text,False,1 year ago,"command-a 111 billion parameter model optimized for demanding enterprises that require fast, secure, and high-quality AI tools 111b 212.8K Pulls 5 Tags Updated 1 year ago",https://ollama.com/library/command-a,111.0,,2025-05-02,False,,111.0,,,True
marco-o1,marco-o1:7b,https://ollama.com/library/marco-o1%3A7b,marco-o1:7b latest 4.7GB · 32K context window · Text · 1 year ago,4.7,Text,False,1 year ago,marco-o1 An open large reasoning model for real-world solutions by the Alibaba International Digital Commerce Group (AIDC-AI). 7b 201.1K Pulls 5 Tags Updated 1 year ago,https://ollama.com/library/marco-o1,7.0,,2025-05-02,False,,7.0,,,True
nemotron3,nemotron3:33b,https://ollama.com/library/nemotron3%3A33b,"nemotron3:33b 28GB · 128K context window · Text, Image · 5 days ago",28.0,,False,5 days ago,"nemotron3 NVIDIA Nemotron 3 Nano Omni is a multimodal large language model that unifies video, audio, image, and text understanding to support enterprise-grade Q&A, summarization, transcription, and document intelligence workflows. vision tools thinking audio 33b 197.1K Pulls 4 Tags Updated 5 days ago",https://ollama.com/library/nemotron3,33.0,,2026-04-27,False,,33.0,,,True
nemotron-cascade-2,nemotron-cascade-2:30b,https://ollama.com/library/nemotron-cascade-2%3A30b,nemotron-cascade-2:30b latest 24GB · 256K context window · Text · 1 month ago,24.0,Text,False,1 month ago,nemotron-cascade-2 An open 30B MoE model from NVIDIA with 3B activated parameters that delivers strong reasoning and agentic capabilities. tools thinking 30b 109.1K Pulls 3 Tags Updated 1 month ago,https://ollama.com/library/nemotron-cascade-2,30.0,,2026-04-02,False,,30.0,,,True
granite4.1,granite4.1:30b,https://ollama.com/library/granite4.1%3A30b,granite4.1:30b 17GB · 128K context window · Text · 3 days ago,17.0,Text,False,3 days ago,granite4.1 tools 3b 8b 30b 17K Pulls 46 Tags Updated 2 days ago,https://ollama.com/library/granite4.1,30.0,Q8_0,2026-04-29,False,,30.0,,,True
granite4.1,granite4.1:8b,https://ollama.com/library/granite4.1%3A8b,granite4.1:8b 5.3GB · 128K context window · Text · 3 days ago,5.3,Text,False,3 days ago,granite4.1 tools 3b 8b 30b 17K Pulls 46 Tags Updated 2 days ago,https://ollama.com/library/granite4.1,8.0,Q8_0,2026-04-29,False,,8.0,,,True
